1st person,2nd person,dist,verified,dist_halftone,verified_halftone
Abdullah_Gul,Abdullah_Gul,0.1470916422512737,True,0.20176429301457688,True
Abdullah_Gul,Abdullah_Gul,0.2415012718101187,True,0.5020035908413161,False
Abdullatif_Sener,Abdullatif_Sener,0.1980824394667915,True,0.36038406344783236,True
Adel_Al-Jubeir,Adel_Al-Jubeir,0.07782715600475576,True,0.33727673884333964,True
Al_Pacino,Al_Pacino,0.18263774200845684,True,0.2982002724393845,True
Alan_Greenspan,Alan_Greenspan,0.5796169645871329,False,0.32375566102793374,True
Albert_Costa,Albert_Costa,0.24619540457445088,True,0.33986608051626976,True
Albert_Costa,Albert_Costa,0.308132481691892,True,0.35051218614029345,True
Albert_Costa,Albert_Costa,0.27671024454051085,True,0.34536614610605354,True
Alejandro_Atchugarry,Alejandro_Atchugarry,0.15862959637583296,True,0.2867334868039553,True
Alex_Penelas,Alex_Penelas,0.15289208767373952,True,0.1575514171664968,True
Ali_Naimi,Ali_Naimi,0.10874154207848874,True,0.20372720445628834,True
Ali_Naimi,Ali_Naimi,0.21733150346519903,True,0.3628621485028747,True
Allison_Janney,Allison_Janney,0.3912642683050911,True,0.4667855169756845,False
Allyson_Felix,Allyson_Felix,0.23328258036850813,True,0.2850824549288594,True
Alvaro_Uribe,Alvaro_Uribe,0.17892596003427996,True,0.21310333173493978,True
Alvaro_Uribe,Alvaro_Uribe,0.1150558874526787,True,0.25849308810131,True
Alvaro_Uribe,Alvaro_Uribe,0.2804173301402709,True,0.28666351998854644,True
Amanda_Bynes,Amanda_Bynes,0.26036799392036325,True,0.35071970094758975,True
Amanda_Bynes,Amanda_Bynes,0.29879948696406355,True,0.4320017576440226,False
Amanda_Bynes,Amanda_Bynes,0.4552915488326764,False,0.4876657570887083,False
Amanda_Bynes,Amanda_Bynes,0.2266084361477747,True,0.26245252328978574,True
Amelie_Mauresmo,Amelie_Mauresmo,0.43407892141963034,False,0.4467475188983834,False
Amelie_Mauresmo,Amelie_Mauresmo,0.3260902619827939,True,0.3669653798797654,True
Amelie_Mauresmo,Amelie_Mauresmo,0.3784796534278777,True,0.3481310838278986,True
Ana_Palacio,Ana_Palacio,0.4406384783976174,False,0.5448753825641145,False
Andrei_Mikhnevich,Andrei_Mikhnevich,0.14846184721530165,True,0.3113304571797235,True
Andy_Hebb,Andy_Hebb,0.16544681852682042,True,0.22224970453110648,True
Angelo_Reyes,Angelo_Reyes,0.12545395294206774,True,0.23152643703939624,True
Angelo_Reyes,Angelo_Reyes,0.14192526430200858,True,0.3126713795692164,True
Ann_Veneman,Ann_Veneman,0.12217063199508182,True,0.25866244405933325,True
Ann_Veneman,Ann_Veneman,0.27839489685788565,True,0.2898020665768901,True
Ann_Veneman,Ann_Veneman,0.6514532615220974,False,0.6976449021274548,False
Anna_Nicole_Smith,Anna_Nicole_Smith,0.4446987854983494,False,0.5091688499045117,False
Anne_Krueger,Anne_Krueger,0.5089866076448124,False,0.2512752742397075,True
Anne_Krueger,Anne_Krueger,0.513755542382328,False,0.515345872353483,False
Annette_Lu,Annette_Lu,0.13968540989181533,True,0.22266167795709346,True
Annette_Lu,Annette_Lu,0.1389861588160537,True,0.2127938901187978,True
Annette_Lu,Annette_Lu,0.1105721197147036,True,0.1815778970787727,True
Antonio_Palocci,Antonio_Palocci,0.07861201187665279,True,0.24167123242226107,True
Antonio_Trillanes,Antonio_Trillanes,0.1378472270059674,True,0.4442870882815565,False
Antonio_Trillanes,Antonio_Trillanes,0.38711962214889784,True,0.4140092825663023,False
Arlen_Specter,Arlen_Specter,0.17293275142252962,True,0.19804080925109357,True
Augustin_Calleri,Augustin_Calleri,0.32062949989556433,True,0.42559873339342547,False
Augustin_Calleri,Augustin_Calleri,0.43129298474690514,False,0.6018898272286031,False
Barbara_Brezigar,Barbara_Brezigar,0.39001304043919616,True,0.5074051131852133,False
Begum_Khaleda_Zia,Begum_Khaleda_Zia,0.2711528438063401,True,0.25733357978505633,True
Ben_Affleck,Ben_Affleck,0.14825626157328287,True,0.40794594227800784,False
Ben_Affleck,Ben_Affleck,0.23486552831381657,True,0.4271389348345914,False
Ben_Affleck,Ben_Affleck,0.24310930366979477,True,0.39102524178681497,True
Bertie_Ahern,Bertie_Ahern,0.19942460096675596,True,0.22092415128528198,True
Bill_Frist,Bill_Frist,0.21597065467699872,True,0.35351158893115364,True
Bill_Frist,Bill_Frist,0.586223609729269,False,0.6309336478833901,False
Bill_Frist,Bill_Frist,0.4181476876664594,False,0.39390062282886484,True
Bill_McBride,Bill_McBride,0.6624676606702693,False,0.2522389276126873,True
Bill_McBride,Bill_McBride,0.20160818902958522,True,0.24759569599135356,True
Bill_McBride,Bill_McBride,0.19028759016377927,True,0.2603035859185684,True
Bill_Sizemore,Bill_Sizemore,0.10052261313056954,True,0.2985195259411736,True
Bono,Bono,0.28024298559187977,True,0.5130237824646984,False
Bono,Bono,0.42143114923034075,False,0.3974574089144106,True
Bono,Bono,0.3512762240924243,True,0.31444609714034244,True
Brian_Cowen,Brian_Cowen,0.21641445700634598,True,0.2954332982844031,True
Bridget_Fonda,Bridget_Fonda,0.2680878062439064,True,0.5502261012426848,False
Bridgette_Wilson-Sampras,Bridgette_Wilson-Sampras,0.372373478488072,True,0.3992889973927838,True
Butch_Davis,Butch_Davis,0.17735364792125063,True,0.35352550079735956,True
Calista_Flockhart,Calista_Flockhart,0.21231319325840403,True,0.5497061179582716,False
Candice_Bergen,Candice_Bergen,0.34711578321699144,True,0.3492903520907119,True
Carla_Del_Ponte,Carla_Del_Ponte,0.2522221197564436,True,0.40869856676120375,False
Carla_Del_Ponte,Carla_Del_Ponte,0.20093318657837367,True,0.35632276489564285,True
Carlos_Manuel_Pruneda,Carlos_Manuel_Pruneda,0.25937623108402774,True,0.31127006562836945,True
Carlos_Manuel_Pruneda,Carlos_Manuel_Pruneda,0.22094053678096814,True,0.3311962674704072,True
Carlos_Manuel_Pruneda,Carlos_Manuel_Pruneda,0.20555131767776258,True,0.19557583871130024,True
Carlos_Moya,Carlos_Moya,0.1867367015227862,True,0.33634251093117307,True
Carlos_Ortega,Carlos_Ortega,0.16273671773008824,True,0.23375819759781835,True
Carolyn_Dawn_Johnson,Carolyn_Dawn_Johnson,0.7726485610264773,False,0.3785734785615761,True
Carrie-Anne_Moss,Carrie-Anne_Moss,0.3565733302041617,True,0.3423461085049222,True
Carson_Daly,Carson_Daly,0.7068191261540329,False,0.3147112934823959,True
Cathy_Freeman,Cathy_Freeman,0.21817304554728956,True,0.4544539332421186,False
Chanda_Rubin,Chanda_Rubin,0.18836645092116333,True,0.22468732407780112,True
Chang_Dae-whan,Chang_Dae-whan,0.17154066374396915,True,0.247565769265656,True
Charles_Taylor,Charles_Taylor,0.3507448835648863,True,0.38289606428681033,True
Chen_Shui-bian,Chen_Shui-bian,0.2732882064142772,True,0.21306050303952417,True
Chita_Rivera,Chita_Rivera,0.09150258202863237,True,0.49261176667401496,False
Chok_Tong_Goh,Chok_Tong_Goh,0.3339706123908135,True,0.18376488640517186,True
Chris_Bell,Chris_Bell,0.07418830503411422,True,0.12451101494241323,True
Chris_Byrd,Chris_Byrd,0.21671735553328064,True,0.23209765976931185,True
Christian_Longo,Christian_Longo,0.05989847817450378,True,0.21281165587305317,True
Christian_Longo,Christian_Longo,0.17042548787712108,True,0.2791579844492871,True
Christian_Wulff,Christian_Wulff,0.2762309617240648,True,0.30546728016341695,True
Christine_Ebersole,Christine_Ebersole,0.36849234329659675,True,0.32498803505687257,True
Christine_Todd_Whitman,Christine_Todd_Whitman,0.2596124459427188,True,0.2948697989817872,True
Christopher_Reeve,Christopher_Reeve,0.13836559716364516,True,0.3536408430212542,True
Claire_Leger,Claire_Leger,0.11469096270408341,True,0.19121914775174997,True
Condoleezza_Rice,Condoleezza_Rice,0.20693660117163937,True,0.29510047664132455,True
Condoleezza_Rice,Condoleezza_Rice,0.08563567434207742,True,0.17074110137524334,True
Cristina_Fernandez,Cristina_Fernandez,0.5514004719520893,False,0.4487339722827056,False
Dai_Bachtiar,Dai_Bachtiar,0.26811547207114805,True,0.3481638043915981,True
Daisy_Fuentes,Daisy_Fuentes,0.3584962525442017,True,0.4875901594023686,False
Dave_Campo,Dave_Campo,0.2173727613074703,True,0.24344304619934176,True
Dave_Campo,Dave_Campo,0.28402732316624146,True,0.27521142254876363,True
David_Stern,David_Stern,0.18679139893778496,True,0.2142180520331466,True
David_Stern,David_Stern,0.21226701949075166,True,0.25537624455976227,True
Denise_Johnson,Denise_Johnson,0.3492951034938151,True,0.37231744314084403,True
Dennis_Powell,Dennis_Powell,0.3318469393621494,True,0.25857974312729115,True
Denzel_Washington,Denzel_Washington,0.12788274855808202,True,0.17148576042304364,True
Denzel_Washington,Denzel_Washington,0.2110579056544606,True,0.537042384912237,False
Denzel_Washington,Denzel_Washington,0.20303992208466348,True,0.2739171544154615,True
Derek_Jeter,Derek_Jeter,0.20044857983702402,True,0.4196661134591465,False
Diane_Green,Diane_Green,0.2137526033809658,True,0.20368561265451912,True
Dick_Clark,Dick_Clark,0.25394183978384854,True,0.2563874582599247,True
Dick_Clark,Dick_Clark,0.16586487274482375,True,0.26290975859210886,True
Dick_Clark,Dick_Clark,0.2942124617080287,True,0.33337839483796494,True
Dick_Vermeil,Dick_Vermeil,0.2998218378279902,True,0.17587872752678002,True
Dominique_de_Villepin,Dominique_de_Villepin,0.27515414592754495,True,0.2693646144952909,True
Dominique_de_Villepin,Dominique_de_Villepin,0.3037863590948364,True,0.2955881039459156,True
Dominique_de_Villepin,Dominique_de_Villepin,0.6827722206719196,False,0.642794519684696,False
Donald_Pettit,Donald_Pettit,0.23369490782104296,True,0.3594661986493335,True
Donald_Pettit,Donald_Pettit,0.33015387028975307,True,0.3929774637595952,True
Donald_Rumsfeld,Donald_Rumsfeld,0.14855743183711267,True,0.21696875238357993,True
Donald_Rumsfeld,Donald_Rumsfeld,0.19045306341914148,True,0.2455065948518651,True
Donald_Rumsfeld,Donald_Rumsfeld,0.5672087166548634,False,0.494967917122484,False
Doug_Collins,Doug_Collins,0.20660731578450942,True,0.24597044577396177,True
Edward_Lu,Edward_Lu,0.22356196330623757,True,0.2668206256729224,True
Edward_Norton,Edward_Norton,0.3049053430245833,True,0.30863381669446677,True
Edwin_Edwards,Edwin_Edwards,0.3033096485301964,True,0.4302367544958431,False
Edwin_Edwards,Edwin_Edwards,0.33193287938159977,True,0.3131813511526208,True
Eliane_Karp,Eliane_Karp,0.3724281704718886,True,0.39585209559102585,True
Eliane_Karp,Eliane_Karp,0.6182864484431325,False,0.4146649880273311,False
Elin_Nordegren,Elin_Nordegren,0.4190734396730771,False,0.5007456342155039,False
Elinor_Caplan,Elinor_Caplan,0.2696694473190041,True,0.5264942328874955,False
Elisabeth_Schumacher,Elisabeth_Schumacher,0.427544223182745,False,0.3823304941047466,True
Elizabeth_Smart,Elizabeth_Smart,0.30601960369540426,True,0.46947233391709564,False
Elizabeth_Smart,Elizabeth_Smart,0.2833679294675394,True,0.5528635566230404,False
Elsa_Zylberstein,Elsa_Zylberstein,0.2660307285829212,True,0.47439848697875064,False
Elsa_Zylberstein,Elsa_Zylberstein,0.2996597546302028,True,0.37242266357821263,True
Elsa_Zylberstein,Elsa_Zylberstein,0.15683440330525522,True,0.36978048164060584,True
Emma_Watson,Emma_Watson,0.12164552135517803,True,0.40360719656980315,False
Emma_Watson,Emma_Watson,0.17268858707147927,True,0.24052916362831134,True
Emma_Watson,Emma_Watson,0.1783359906151083,True,0.32905118367862096,True
Erik_Morales,Erik_Morales,0.24060574933745504,True,0.2905483784037338,True
Erika_Christensen,Erika_Christensen,0.7727444554065162,False,0.3242263501049103,True
Erin_Runnion,Erin_Runnion,0.37470262737080684,True,0.4926228582378184,False
Ernie_Fletcher,Ernie_Fletcher,0.772583840120084,False,0.311392029778531,True
Fabiola_Zuluaga,Fabiola_Zuluaga,0.34240820364089586,True,0.37275418014317274,True
Felipe_Perez_Roque,Felipe_Perez_Roque,0.1641402750143638,True,0.22114689856581837,True
Felipe_Perez_Roque,Felipe_Perez_Roque,0.10115236483019008,True,0.1096790895552775,True
Fernando_Vargas,Fernando_Vargas,0.4680178614631345,False,0.46522229727052244,False
Flor_Montulo,Flor_Montulo,0.46462629145389,False,0.4496663961103766,False
Frank_Cassell,Frank_Cassell,0.25751596643675956,True,0.15876787239075985,True
Frank_Dunham_Jr,Frank_Dunham_Jr,0.1519433540600703,True,0.2567671083991002,True
Gao_Qiang,Gao_Qiang,0.3325694947985611,True,0.48026846879311225,False
Garry_Trudeau,Garry_Trudeau,0.2794841409696961,True,0.3735151806599527,True
Gary_Doer,Gary_Doer,0.2749375808618203,True,0.34072230912851,True
Gary_Doer,Gary_Doer,0.22347022372622072,True,0.3463110694343927,True
Gary_Doer,Gary_Doer,0.3724808711419706,True,0.5196085603754479,False
Gary_Winnick,Gary_Winnick,0.27517067504971826,True,0.34162420865414644,True
Gene_Robinson,Gene_Robinson,0.10672856334740533,True,0.2318548476824287,True
George_Foreman,George_Foreman,0.17562253690423912,True,0.3090986258410745,True
George_Karl,George_Karl,0.25834509430505004,True,0.25033628823103005,True
George_Robertson,George_Robertson,0.23019264627487201,True,0.3253891787130939,True
George_Robertson,George_Robertson,0.08634536592257691,True,0.12700115795709443,True
George_Robertson,George_Robertson,0.20145268891931722,True,0.27746214700498373,True
Georgi_Parvanov,Georgi_Parvanov,0.14648992502062652,True,0.3560666319452134,True
Geraldine_Chaplin,Geraldine_Chaplin,0.2167780403964672,True,0.3573807421535209,True
Gerhard_Schroeder,Gerhard_Schroeder,0.2759357546133223,True,0.34481614972275665,True
Gerry_Adams,Gerry_Adams,0.22461967120894577,True,0.25826167671056066,True
Gerry_Adams,Gerry_Adams,0.20330089444226496,True,0.26229113007560967,True
Gilberto_Rodriguez_Orejuela,Gilberto_Rodriguez_Orejuela,0.13267972592067445,True,0.25074485067502916,True
Gilberto_Rodriguez_Orejuela,Gilberto_Rodriguez_Orejuela,0.17949909584481816,True,0.22491813762237878,True
Gilberto_Rodriguez_Orejuela,Gilberto_Rodriguez_Orejuela,0.14376792906187807,True,0.16072873329825477,True
Giuseppe_Gibilisco,Giuseppe_Gibilisco,0.1427295228714328,True,0.20187357955921814,True
Giuseppe_Gibilisco,Giuseppe_Gibilisco,0.21188293584039697,True,0.2916635862963235,True
Glafcos_Clerides,Glafcos_Clerides,0.2079244692732115,True,0.287468371999668,True
Gordon_Brown,Gordon_Brown,0.26806078918784115,True,0.264790959833759,True
Gordon_Campbell,Gordon_Campbell,0.46955452678269616,False,0.33065666437318464,True
Gray_Davis,Gray_Davis,0.1736728496116089,True,0.33523632442666484,True
Gray_Davis,Gray_Davis,0.20759464367309355,True,0.3107623022178011,True
Greg_Gilbert,Greg_Gilbert,0.3148926867290618,True,0.44741245218426884,False
Greg_Ostertag,Greg_Ostertag,0.36379244530980404,True,0.3975688746141689,True
Gregory_Hines,Gregory_Hines,0.20533170361235542,True,0.29877331501472437,True
Gus_Van_Sant,Gus_Van_Sant,0.17813827631463097,True,0.34925771238354253,True
Gwendal_Peizerat,Gwendal_Peizerat,0.2293213692745082,True,0.3506160165919885,True
Gwyneth_Paltrow,Gwyneth_Paltrow,0.491342235844376,False,0.5971591105682263,False
Harry_Kalas,Harry_Kalas,0.2710526578219036,True,0.3230035730779399,True
Hassan_Wirajuda,Hassan_Wirajuda,0.17334308949287558,True,0.4112406585225661,False
Heather_Mills,Heather_Mills,0.14691593894553945,True,0.5300219888443507,False
Heidi_Fleiss,Heidi_Fleiss,0.21950049062339871,True,0.3598769946678493,True
Heidi_Fleiss,Heidi_Fleiss,0.36840856576257996,True,0.45827334782008544,False
Hermann_Maier,Hermann_Maier,0.6731235878927812,False,0.34278773837425913,True
Horst_Koehler,Horst_Koehler,0.31054155456739463,True,0.468495361519651,False
Ian_Thorpe,Ian_Thorpe,0.23521028757440232,True,0.3956553527081108,True
Ian_Thorpe,Ian_Thorpe,0.2444433030703288,True,0.5583621450746414,False
Ian_Thorpe,Ian_Thorpe,0.14702413529168257,True,0.3091054028599848,True
Isabella_Rossellini,Isabella_Rossellini,0.6169513247733475,False,0.6542627755768334,False
Isabelle_Huppert,Isabelle_Huppert,0.23359832744751374,True,0.582435617991246,False
Ismail_Merchant,Ismail_Merchant,0.2087018117874333,True,0.3243559990348218,True
Jack_Grubman,Jack_Grubman,0.15410436793627624,True,0.3575150311615355,True
Jack_Nicholson,Jack_Nicholson,0.24699862962056796,True,0.40152301833206583,False
Jacques_Chirac,Jacques_Chirac,0.7569243509514253,False,0.34682441677873954,True
Jacques_Chirac,Jacques_Chirac,0.13314361326469892,True,0.2652786029668057,True
Jacques_Chirac,Jacques_Chirac,0.1466546229537703,True,0.20351046693724273,True
Jacques_Rogge,Jacques_Rogge,0.12980043595690116,True,0.28694954642644155,True
Jake_Gyllenhaal,Jake_Gyllenhaal,0.3148245076231323,True,0.3937977602412528,True
Jake_Gyllenhaal,Jake_Gyllenhaal,0.18664128332447094,True,0.24736219395742676,True
James_Butts,James_Butts,0.11469850383603986,True,0.13814676422061822,True
James_Franco,James_Franco,0.327320082311197,True,0.3952662049623632,True
James_Kelly,James_Kelly,0.10554140721327454,True,0.12982055071549503,True
James_Kelly,James_Kelly,0.18570720879184976,True,0.21812433156676725,True
James_Kopp,James_Kopp,0.2826375681685227,True,0.37302135316547524,True
James_Kopp,James_Kopp,0.4275778392379951,False,0.4393324251035855,False
James_Maguire,James_Maguire,0.18332845647520157,True,0.26326802261574567,True
James_Smith,James_Smith,0.07542675252372832,True,0.11020546229568517,True
Jan_Ullrich,Jan_Ullrich,0.04725678436741465,True,0.23961224915930213,True
Jan_Ullrich,Jan_Ullrich,0.26981343128743507,True,0.5148480980873753,False
Janica_Kostelic,Janica_Kostelic,0.3569899431046044,True,0.5478915805083173,False
Javier_Weber,Javier_Weber,0.3150079877754942,True,0.469594444076184,False
Javier_Weber,Javier_Weber,0.2748107886543635,True,0.3884771054082242,True
Jean-Claude_Juncker,Jean-Claude_Juncker,0.20908687692971206,True,0.17202264982057214,True
Jean-Claude_Trichet,Jean-Claude_Trichet,0.22762349913331192,True,0.21523735913719666,True
Jean-Marc_de_La_Sabliere,Jean-Marc_de_La_Sabliere,0.14147469012886882,True,0.34021845968133246,True
Jean-Pierre_Raffarin,Jean-Pierre_Raffarin,0.24302037690384692,True,0.3670369385463248,True
Jean_Carnahan,Jean_Carnahan,0.33211950227795306,True,0.35596668450505753,True
Jefferson_Perez,Jefferson_Perez,0.3030994828215059,True,0.3961062470036839,True
Jennifer_Capriati,Jennifer_Capriati,0.2315687347089963,True,0.4455605541154659,False
Jennifer_Capriati,Jennifer_Capriati,0.34681875459416633,True,0.44041348189492713,False
Jennifer_Connelly,Jennifer_Connelly,0.16818355198897705,True,0.5404945591980401,False
Jennifer_Connelly,Jennifer_Connelly,0.1298440299631034,True,0.4236066140662713,False
Jennifer_Keller,Jennifer_Keller,0.6117320443093837,False,0.4289071447624684,False
Jennifer_Keller,Jennifer_Keller,0.26989257866943117,True,0.40171596745759974,False
Jeong_Se-hyun,Jeong_Se-hyun,0.37452137869049806,True,0.4436127009403956,False
Jeremy_Shockey,Jeremy_Shockey,0.14011211182631522,True,0.21200579868323655,True
Jesse_Ventura,Jesse_Ventura,0.21705095380865125,True,0.31160443361355705,True
Jessica_Lange,Jessica_Lange,0.715525551187756,False,0.48079525919941923,False
Jiang_Zemin,Jiang_Zemin,0.1851395083232411,True,0.2651789492375045,True
Jiang_Zemin,Jiang_Zemin,0.1875033439251017,True,0.2999189412424095,True
Jim_Harrick,Jim_Harrick,0.18480261793064967,True,0.2403373877555156,True
Jimmy_Carter,Jimmy_Carter,0.15168327013749572,True,0.21463417104589544,True
Jimmy_Carter,Jimmy_Carter,0.14320574276484288,True,0.2294019193514979,True
Jimmy_Carter,Jimmy_Carter,0.25396892519231995,True,0.21003163253731894,True
Joe_Mantello,Joe_Mantello,0.1833911169508623,True,0.3238472451831701,True
Joe_Nichols,Joe_Nichols,0.30936342717731,True,0.4250743663850941,False
Joe_Nichols,Joe_Nichols,0.11276852864202491,True,0.3756923224397408,True
John_Bolton,John_Bolton,0.15327855522710854,True,0.21846330494299804,True
John_Bolton,John_Bolton,0.21242994012783067,True,0.33388987023448435,True
John_Bolton,John_Bolton,0.23446957284754166,True,0.1004883665932016,True
John_Bolton,John_Bolton,0.19687615290686522,True,0.12036004652368482,True
John_Garamendi,John_Garamendi,0.13231983414230786,True,0.17390399361274178,True
John_McCallum,John_McCallum,0.16478982057126457,True,0.2389062316896281,True
John_Negroponte,John_Negroponte,0.34116597920880976,True,0.3234671372269079,True
John_Rowland,John_Rowland,0.7513915629265073,False,0.38551983177170646,True
John_Stallworth,John_Stallworth,0.49576379580255414,False,0.32620618284908265,True
John_Travolta,John_Travolta,0.26555689083056855,True,0.3738748344320393,True
John_Walsh,John_Walsh,0.1519831201398264,True,0.2726891141663669,True
Johnny_Carson,Johnny_Carson,0.34412280210552215,True,0.41137534997205527,False
Jorge_Castaneda,Jorge_Castaneda,0.17761420046303222,True,0.32383700933572923,True
Jose_Dirceu,Jose_Dirceu,0.3336598968159348,True,0.4855836750563284,False
Joseph_Deiss,Joseph_Deiss,0.07723329303020043,True,0.17563037354270505,True
Judi_Dench,Judi_Dench,0.3002062427549492,True,0.29734884577173326,True
Julie_Gerberding,Julie_Gerberding,0.1704257698203413,True,0.5121714165247248,False
Julie_Gerberding,Julie_Gerberding,0.12437651779914083,True,0.3824210548608715,True
Justin_Leonard,Justin_Leonard,0.2884967387094234,True,0.39892863419014957,True
Justine_Henin,Justine_Henin,0.2156226863666315,True,0.2338045170022317,True
Justine_Henin,Justine_Henin,0.233224768061702,True,0.23310452476764731,True
Kamal_Kharrazi,Kamal_Kharrazi,0.16007943841367234,True,0.17595460833099252,True
Keith_Bogans,Keith_Bogans,0.18205711076656161,True,0.22342922674123722,True
Kenneth_Evans,Kenneth_Evans,0.11380961095474607,True,0.21580880917771894,True
Kim_Yong-il,Kim_Yong-il,0.20714524473560314,True,0.3267890068900886,True
King_Abdullah_II,King_Abdullah_II,0.26569096074573895,True,0.26368094405632003,True
King_Abdullah_II,King_Abdullah_II,0.22807077340417525,True,0.4180650579509708,False
King_Abdullah_II,King_Abdullah_II,0.26373304388463714,True,0.4051779287128864,False
King_Abdullah_II,King_Abdullah_II,0.31391307684634895,True,0.3888941900627533,True
Kjell_Magne_Bondevik,Kjell_Magne_Bondevik,0.2391756767398726,True,0.22205491750957906,True
Kosuke_Kitajima,Kosuke_Kitajima,0.3709460721500326,True,0.4099040021585756,False
Kristen_Breitweiser,Kristen_Breitweiser,0.08528164843341912,True,0.3513121903859623,True
Kristin_Davis,Kristin_Davis,0.09762460682085683,True,0.26708930454680946,True
Kristin_Davis,Kristin_Davis,0.23132535573844504,True,0.3380250891943708,True
Kurt_Warner,Kurt_Warner,0.3637817746409333,True,0.3563824260178491,True
LK_Advani,LK_Advani,0.3819476816329449,True,0.20425349735005482,True
LK_Advani,LK_Advani,0.278266251835136,True,0.1087588415210835,True
LK_Advani,LK_Advani,0.28896609605697254,True,0.4298224520342496,False
Larry_Coker,Larry_Coker,0.16023233676611393,True,0.2395471997967934,True
Latrell_Sprewell,Latrell_Sprewell,0.34637055900121116,True,0.3827010592985146,True
Laura_Linney,Laura_Linney,0.231338739871906,True,0.3988944503903208,True
Lauren_Killian,Lauren_Killian,0.26930884042493386,True,0.4455730207148769,False
Laurent_Jalabert,Laurent_Jalabert,0.2144323957963159,True,0.33018784054821915,True
Leonardo_DiCaprio,Leonardo_DiCaprio,0.2178366950347671,True,0.4402096217960543,False
Leonardo_DiCaprio,Leonardo_DiCaprio,0.15519879556670024,True,0.2733456577683797,True
Leonid_Kuchma,Leonid_Kuchma,0.147196178941146,True,0.23270612768251653,True
Leonid_Kuchma,Leonid_Kuchma,0.07235525002803933,True,0.2630271182579943,True
Leonid_Kuchma,Leonid_Kuchma,0.12934201848322735,True,0.2536214045599692,True
Leonid_Kuchma,Leonid_Kuchma,0.173861536529216,True,0.22790810038779452,True
Leslie_Moonves,Leslie_Moonves,0.3103111827763131,True,0.404779619428819,False
Leszek_Miller,Leszek_Miller,0.3005131960056524,True,0.316326936692533,True
Lino_Oviedo,Lino_Oviedo,0.11318965975640216,True,0.30200095118498305,True
Lisa_Raymond,Lisa_Raymond,0.2940427266165584,True,0.28696883915237703,True
Liza_Minnelli,Liza_Minnelli,0.1963929446339988,True,0.509578124754474,False
Lloyd_Ward,Lloyd_Ward,0.22967663602446886,True,0.3203178999474269,True
Luciano_Pavarotti,Luciano_Pavarotti,0.1340123073126258,True,0.30165424903378,True
Lucy_Liu,Lucy_Liu,0.35840492293541404,True,0.6232442577666448,False
Luis_Figo,Luis_Figo,0.23109845156071962,True,0.36939647251823504,True
Luis_Horna,Luis_Horna,0.20221356543297708,True,0.2842528192487659,True
Luis_Horna,Luis_Horna,0.3933844585703359,True,0.38894302887223997,True
Lynn_Abraham,Lynn_Abraham,0.1537549763081011,True,0.2190659814317819,True
Mack_Brown,Mack_Brown,0.26618953877428275,True,0.3459147095152041,True
Mahmoud_Abbas,Mahmoud_Abbas,0.10864921041031428,True,0.2475315138827987,True
Marcelo_Rios,Marcelo_Rios,0.5242305766874631,False,0.33864086578522745,True
Marcelo_Rios,Marcelo_Rios,0.7167461612479737,False,0.4080962921506638,False
Marcelo_Rios,Marcelo_Rios,0.6809486909365143,False,0.4701240908448303,False
Marieta_Chrousala,Marieta_Chrousala,0.24905497370613827,True,0.47524759992976795,False
Marieta_Chrousala,Marieta_Chrousala,0.2186307102574181,True,0.4659588065251006,False
Mario_Cipollini,Mario_Cipollini,0.12530105201395458,True,0.2980785696441729,True
Mark_Dacey,Mark_Dacey,0.14957200622192424,True,0.21674641462723665,True
Mark_Richt,Mark_Richt,0.19602842623899797,True,0.3066506441775225,True
Mark_Richt,Mark_Richt,0.3340943324500443,True,0.2615869693207463,True
Martha_Burk,Martha_Burk,0.3420268049886731,True,0.6438815039635055,False
Martha_Stewart,Martha_Stewart,0.27844209320421753,True,0.30069123029190636,True
Martha_Stewart,Martha_Stewart,0.2862028555923748,True,0.17372602020621541,True
Martha_Stewart,Martha_Stewart,0.18582335301206654,True,0.2240441482682467,True
Martin_Cauchon,Martin_Cauchon,0.14052772008068792,True,0.17249277548937147,True
Martin_Sheen,Martin_Sheen,0.12529115479914354,True,0.1798532957264768,True
Mary_Landrieu,Mary_Landrieu,0.31886256762553933,True,0.3544331311678983,True
Masum_Turker,Masum_Turker,0.0702274139292346,True,0.22300629722443732,True
Masum_Turker,Masum_Turker,0.13431917201819,True,0.21454513079554793,True
Matt_Doherty,Matt_Doherty,0.28649873203463805,True,0.31519125364822986,True
Matt_Doherty,Matt_Doherty,0.4104924867313906,False,0.20109676571781676,True
Matthew_Broderick,Matthew_Broderick,0.524752528036599,False,0.4051318228101657,False
Matthew_Broderick,Matthew_Broderick,0.3799472121444928,True,0.3675571604375507,True
Matthew_Broderick,Matthew_Broderick,0.33367734179963615,True,0.35402767083590125,True
Melissa_Etheridge,Melissa_Etheridge,0.1580427076491231,True,0.38476790388652116,True
Michael_Jackson,Michael_Jackson,0.20656021435518424,True,0.45416455807668354,False
Michael_Phelps,Michael_Phelps,0.23341979173994498,True,0.24047849618254769,True
Michael_Sullivan,Michael_Sullivan,0.2534904474455818,True,0.48760932708745863,False
Michel_Duclos,Michel_Duclos,0.10453043746032364,True,0.30188377799349064,True
Michelle_Yeoh,Michelle_Yeoh,0.1767994000528652,True,0.40483019594095737,False
Miguel_Contreras,Miguel_Contreras,0.27718524399191113,True,0.2785043526138168,True
Mike_Price,Mike_Price,0.11885051313757211,True,0.2093973631966125,True
Mikhail_Youzhny,Mikhail_Youzhny,0.2614878492429743,True,0.34633028867647886,True
Mikhail_Youzhny,Mikhail_Youzhny,0.1711818748332823,True,0.35947221007948027,True
Mikhail_Youzhny,Mikhail_Youzhny,0.18863311648534886,True,0.3762899069490575,True
Mikulas_Dzurinda,Mikulas_Dzurinda,0.6516338086778326,False,0.19004893496751596,True
Mireya_Moscoso,Mireya_Moscoso,0.559285466320625,False,0.6837370080647293,False
Mireya_Moscoso,Mireya_Moscoso,0.09215183287234985,True,0.2617506548429426,True
Mohamed_ElBaradei,Mohamed_ElBaradei,0.3033658961494643,True,0.40940515514811515,False
Mohamed_ElBaradei,Mohamed_ElBaradei,0.2812278151674117,True,0.39254544699036875,True
Mohamed_ElBaradei,Mohamed_ElBaradei,0.2498361482499284,True,0.2851279058901206,True
Monica_Lewinsky,Monica_Lewinsky,0.7689953310382167,False,0.2961727774983218,True
Muhammad_Ali,Muhammad_Ali,0.1803921856806805,True,0.3117037447646954,True
Muhammad_Ali,Muhammad_Ali,0.23149871042305026,True,0.3837877923933739,True
Nancy_Pelosi,Nancy_Pelosi,0.12546836747541623,True,0.18038858951342795,True
Nancy_Pelosi,Nancy_Pelosi,0.18296519953418466,True,0.633418180636338,False
Nancy_Pelosi,Nancy_Pelosi,0.5369715546003673,False,0.49397978475423654,False
Naomi_Campbell,Naomi_Campbell,0.15935169608030386,True,0.2549507110386491,True
Naoto_Kan,Naoto_Kan,0.059862408984307613,True,0.4775895295737519,False
Nasser_al-Kidwa,Nasser_al-Kidwa,0.19280971561736526,True,0.23220315764243993,True
Nastassia_Kinski,Nastassia_Kinski,0.12813240977776685,True,0.1570208660731346,True
Natalie_Coughlin,Natalie_Coughlin,0.19936618471734524,True,0.4905475381726141,False
Natalie_Coughlin,Natalie_Coughlin,0.39089441351557963,True,0.3193189706658459,True
Natalie_Maines,Natalie_Maines,0.17620766408551702,True,0.29353306518650346,True
Nicanor_Duarte_Frutos,Nicanor_Duarte_Frutos,0.1530397630249618,True,0.24431070176817515,True
Noah_Wyle,Noah_Wyle,0.2179649034500879,True,0.3326001136784642,True
Norm_Coleman,Norm_Coleman,0.12057889735248795,True,0.30938746921717275,True
Orrin_Hatch,Orrin_Hatch,0.1692965960155337,True,0.1877363116893339,True
Osama_bin_Laden,Osama_bin_Laden,0.15000920986739263,True,0.1877568079914338,True
Owen_Wilson,Owen_Wilson,0.29560836770428967,True,0.31686547608164317,True
Ozzy_Osbourne,Ozzy_Osbourne,0.29548035790493477,True,0.34455011990782813,True
Ozzy_Osbourne,Ozzy_Osbourne,0.1873723488580501,True,0.26776226067396613,True
Padraig_Harrington,Padraig_Harrington,0.5507104849287421,False,0.5370193363477664,False
Paris_Hilton,Paris_Hilton,0.1429605545868674,True,0.21286458482833703,True
Patrick_Leahy,Patrick_Leahy,0.19220222776757578,True,0.22830268778307483,True
Patti_Labelle,Patti_Labelle,0.17190572335264687,True,0.2647695226804827,True
Patti_Labelle,Patti_Labelle,0.207885824492257,True,0.2810719732203423,True
Patty_Schnyder,Patty_Schnyder,0.36073317019703566,True,0.302729242227775,True
Patty_Schnyder,Patty_Schnyder,0.31815136640233244,True,0.41909409908100836,False
Paul-Henri_Mathieu,Paul-Henri_Mathieu,0.3269679612300773,True,0.3128575628207121,True
Paul_Burrell,Paul_Burrell,0.11801811987545141,True,0.30851228675378783,True
Paul_Burrell,Paul_Burrell,0.20729612567557743,True,0.29302965928190905,True
Paul_Martin,Paul_Martin,0.23631400291873772,True,0.36279485256529453,True
Paul_Martin,Paul_Martin,0.2771777465499873,True,0.2616795367598562,True
Paul_Martin,Paul_Martin,0.15386421243053838,True,0.24148550016661596,True
Paul_Patton,Paul_Patton,0.069981052004771,True,0.17191771651154353,True
Paul_Sarbanes,Paul_Sarbanes,0.10285117359312745,True,0.243314844064771,True
Pedro_Malan,Pedro_Malan,0.337705327923394,True,0.352860835771986,True
Pedro_Malan,Pedro_Malan,0.17747417985868208,True,0.32241133473049466,True
Pedro_Malan,Pedro_Malan,0.29999174143650786,True,0.20081679168438782,True
Penelope_Cruz,Penelope_Cruz,0.25272649970611116,True,0.3206890715692915,True
Peter_Greenaway,Peter_Greenaway,0.1047080551165046,True,0.2150194967971666,True
Pierce_Brosnan,Pierce_Brosnan,0.2940121077542742,True,0.4018498527644586,False
Pierce_Brosnan,Pierce_Brosnan,0.19116682452883382,True,0.259410527352401,True
Pierre_Boulanger,Pierre_Boulanger,0.1662602752146698,True,0.380516873565407,True
Priscilla_Presley,Priscilla_Presley,0.7156933623079049,False,0.2512373474000863,True
Rachel_Griffiths,Rachel_Griffiths,0.31110183292197546,True,0.38822017299470646,True
Rachel_Hunter,Rachel_Hunter,0.27217864729271846,True,0.41480748767304276,False
Ralf_Schumacher,Ralf_Schumacher,0.39351910252273503,True,0.44263575442539826,False
Rebecca_Romijn-Stamos,Rebecca_Romijn-Stamos,0.33432671745178233,True,0.4852041824645512,False
Rebecca_Romijn-Stamos,Rebecca_Romijn-Stamos,0.2703811680335605,True,0.4789799945879619,False
Reese_Witherspoon,Reese_Witherspoon,0.28365481031685413,True,0.3156838235243701,True
Reese_Witherspoon,Reese_Witherspoon,0.26895272873225506,True,0.36371446585690803,True
Ricardo_Maduro,Ricardo_Maduro,0.30819215880929196,True,0.27277209598601593,True
Rich_Gannon,Rich_Gannon,0.24702422391118795,True,0.38807140246820704,True
Richard_Gere,Richard_Gere,0.49127358635095153,False,0.28402655518317876,True
Richard_Gere,Richard_Gere,0.4042961037739834,False,0.3490564783689023,True
Richard_Norton-Taylor,Richard_Norton-Taylor,0.07824397466968291,True,0.25537000472376636,True
Richard_Shelby,Richard_Shelby,0.18225729166774496,True,0.2576788487333096,True
Richie_Adubato,Richie_Adubato,0.17677682210433054,True,0.24528653897043107,True
Rick_Dinse,Rick_Dinse,0.1552524631396508,True,0.29918852292762554,True
Rick_Perry,Rick_Perry,0.477652671795764,False,0.4651290811009974,False
Rick_Perry,Rick_Perry,0.4707353946922527,False,0.4877064287148348,False
Rick_Pitino,Rick_Pitino,0.20628718579954708,True,0.30557365214541066,True
Rick_Romley,Rick_Romley,0.30112324962153236,True,0.2603862283967283,True
Rick_Wagoner,Rick_Wagoner,0.7216333602359547,False,0.3193355142619154,True
Rob_Schneider,Rob_Schneider,0.24402122301455675,True,0.3399564017129487,True
Robbie_Fowler,Robbie_Fowler,0.08032944660311836,True,0.27803545838996035,True
Robby_Ginepri,Robby_Ginepri,0.24254624193969176,True,0.22874154450669104,True
Robert_Horan,Robert_Horan,0.2545134203038182,True,0.23649563398408802,True
Robert_Mueller,Robert_Mueller,0.17203621277912517,True,0.4479030789963334,False
Robert_Redford,Robert_Redford,0.21426196137213405,True,0.2462145759899773,True
Robert_Redford,Robert_Redford,0.14669587655401684,True,0.17003791435581372,True
Robert_Redford,Robert_Redford,0.43275746936534665,False,0.45065058381847667,False
Robert_Redford,Robert_Redford,0.1683817943862873,True,0.3218887576324946,True
Rod_Blagojevich,Rod_Blagojevich,0.24170952449381822,True,0.30126972797874363,True
Rod_Stewart,Rod_Stewart,0.1293445415594764,True,0.23402135796153867,True
Ronaldo_Luis_Nazario_de_Lima,Ronaldo_Luis_Nazario_de_Lima,0.16657502709211292,True,0.24034110111030194,True
Roy_Moore,Roy_Moore,0.2594090765699223,True,0.32725040784305015,True
Rupert_Grint,Rupert_Grint,0.09279988220295254,True,0.23806531533560404,True
Russell_Coutts,Russell_Coutts,0.27328741943092627,True,0.4410914928759373,False
Russell_Crowe,Russell_Crowe,0.11042181125146866,True,0.24838660900781906,True
Salma_Hayek,Salma_Hayek,0.6050215654511142,False,0.3926158974894679,True
Salma_Hayek,Salma_Hayek,0.65313644294444,False,0.7525619430914801,False
Sarah_Jessica_Parker,Sarah_Jessica_Parker,0.3343739075513743,True,0.4594781449843012,False
Scott_McNealy,Scott_McNealy,0.14676927089512015,True,0.20743382054917248,True
Sean_Astin,Sean_Astin,0.32508469208047497,True,0.448196774671503,False
Sean_OKeefe,Sean_OKeefe,0.1796283936298647,True,0.47283242488783905,False
Sean_Patrick_OMalley,Sean_Patrick_OMalley,0.1346318772176368,True,0.236080984890934,True
Sean_Patrick_OMalley,Sean_Patrick_OMalley,0.27310216826481526,True,0.37868847851487764,True
Sean_Patrick_OMalley,Sean_Patrick_OMalley,0.2356733252413894,True,0.3976180176597117,True
Sean_Penn,Sean_Penn,0.195264077673439,True,0.29769424488101914,True
Sergey_Lavrov,Sergey_Lavrov,0.24545773243123736,True,0.3357010415328827,True
Shane_Mosley,Shane_Mosley,0.25612705769150035,True,0.2056574056652154,True
Shannon_OBrien,Shannon_OBrien,0.3016098160946775,True,0.3358422749866534,True
Sheila_Wellstone,Sheila_Wellstone,0.23677275271162712,True,0.35748616098632735,True
Silvio_Berlusconi,Silvio_Berlusconi,0.6122032197692133,False,0.5608492842540329,False
Spencer_Abraham,Spencer_Abraham,0.2271945788907962,True,0.3016547210392999,True
Stan_Heath,Stan_Heath,0.43446575632449425,False,0.28211436792682887,True
Stefano_Accorsi,Stefano_Accorsi,0.0927347567486625,True,0.4339439286242952,False
Steve_Lavin,Steve_Lavin,0.25664795958368025,True,0.3185965696985058,True
Steven_Hatfill,Steven_Hatfill,0.18333973863675312,True,0.2735626260319216,True
Surakait_Sathirathai,Surakait_Sathirathai,0.36849293749689305,True,0.4401443678364175,False
Susan_Collins,Susan_Collins,0.2311756782976545,True,0.3133716559382792,True
Susie_Castillo,Susie_Castillo,0.22491939295869134,True,0.2758687744476067,True
Svetlana_Koroleva,Svetlana_Koroleva,0.08282117982531478,True,0.33507702719379784,True
Tammy_Lynn_Michaels,Tammy_Lynn_Michaels,0.27798753981930147,True,0.41735171568193385,False
Tang_Jiaxuan,Tang_Jiaxuan,0.11917278319983282,True,0.321544214354999,True
Tang_Jiaxuan,Tang_Jiaxuan,0.21540198761470164,True,0.3051034619023577,True
Tang_Jiaxuan,Tang_Jiaxuan,0.07630780170699947,True,0.27335310548035163,True
Tang_Jiaxuan,Tang_Jiaxuan,0.10945876727009118,True,0.29718461561079,True
Tassos_Papadopoulos,Tassos_Papadopoulos,0.16375745664041053,True,0.21745365481625545,True
Terry_McAuliffe,Terry_McAuliffe,0.2786013614835058,True,0.3617436762901941,True
Terry_McAuliffe,Terry_McAuliffe,0.32117216516344027,True,0.387163754118489,True
Thabo_Mbeki,Thabo_Mbeki,0.16330450127308127,True,0.2519943959149713,True
Thaksin_Shinawatra,Thaksin_Shinawatra,0.25659617294834947,True,0.28484621828233825,True
Thaksin_Shinawatra,Thaksin_Shinawatra,0.2691077327354561,True,0.22153482522337375,True
Theodore_Tweed_Roosevelt,Theodore_Tweed_Roosevelt,0.13200146306942584,True,0.22873113761331643,True
Thomas_OBrien,Thomas_OBrien,0.2841998391411691,True,0.24472925589810812,True
Tim_Allen,Tim_Allen,0.14680551561565325,True,0.42951376099142524,False
Tim_Allen,Tim_Allen,0.26736217986581534,True,0.36627457959838516,True
Tim_Curry,Tim_Curry,0.1494180543475434,True,0.28889464785577235,True
Tippi_Hedren,Tippi_Hedren,0.12202624996484168,True,0.4383297479537702,False
Todd_Haynes,Todd_Haynes,0.5854112502143629,False,0.4228015948417003,False
Todd_Haynes,Todd_Haynes,0.5571743959511413,False,0.2978723988851054,True
Tom_Coverdale,Tom_Coverdale,0.282118635239583,True,0.43121474186870046,False
Tom_Cruise,Tom_Cruise,0.12885533595645926,True,0.5377314943582701,False
Tom_Cruise,Tom_Cruise,0.3853700837136912,True,0.3930284874242006,True
Tom_Cruise,Tom_Cruise,0.27066363536473326,True,0.4137330584818455,False
Tommy_Haas,Tommy_Haas,0.45008428486069196,False,0.6352348903281844,False
Tomoko_Hagiwara,Tomoko_Hagiwara,0.2540442231270261,True,0.5230900052488558,False
Tony_Shalhoub,Tony_Shalhoub,0.297788951163673,True,0.3611726414109857,True
Tony_Shalhoub,Tony_Shalhoub,0.28346990263659433,True,0.4333445710782996,False
Tracee_Ellis_Ross,Tracee_Ellis_Ross,0.168294474178594,True,0.258923569661185,True
Tyler_Hamilton,Tyler_Hamilton,0.34305295830459925,True,0.3544068681151632,True
Vaclav_Havel,Vaclav_Havel,0.1483377723685423,True,0.1847508516059576,True
Vaclav_Havel,Vaclav_Havel,0.15388306721914313,True,0.1547586832531489,True
Vicente_Fernandez,Vicente_Fernandez,0.21260630006823067,True,0.3392012505342611,True
Vicente_Fernandez,Vicente_Fernandez,0.2543478360644653,True,0.3399340654628258,True
Victoria_Beckham,Victoria_Beckham,0.48211743156854503,False,0.5621236273457033,False
Vincent_Brooks,Vincent_Brooks,0.08564947115981747,True,0.10588022028635435,True
Vincent_Brooks,Vincent_Brooks,0.2384633771662017,True,0.25103499380290695,True
Warren_Beatty,Warren_Beatty,0.2527045723052017,True,0.35406459425812253,True
Warren_Buffett,Warren_Buffett,0.15797376434757204,True,0.2331315312478256,True
Wesley_Clark,Wesley_Clark,0.2528629995060787,True,0.21951568210167793,True
Will_Smith,Will_Smith,0.14839982679902963,True,0.5487752456414083,False
William_Burns,William_Burns,0.27642294159279246,True,0.4182244296524681,False
William_Macy,William_Macy,0.14044821949919872,True,0.3006759374506158,True
William_Macy,William_Macy,0.2925816724379353,True,0.3207918744267031,True
William_Macy,William_Macy,0.19094957664636647,True,0.29469319964978313,True
William_Rehnquist,William_Rehnquist,0.18966066805084925,True,0.3453947250180349,True
Winona_Ryder,Winona_Ryder,0.6519041647921733,False,0.48245360923968816,False
Winona_Ryder,Winona_Ryder,0.2003824404602158,True,0.436550277886254,False
Yevgeny_Kafelnikov,Yevgeny_Kafelnikov,0.10090458318225626,True,0.2803948918179633,True
Yoriko_Kawaguchi,Yoriko_Kawaguchi,0.17590250446553546,True,0.49586599751398397,False
Zoran_Djindjic,Zoran_Djindjic,0.3008847205400993,True,0.2944375095705334,True
AJ_Lamas,Zach_Safrin,0.3933923073975142,True,0.6247939939906518,False
Aaron_Guiel,Reese_Witherspoon,0.5243444872390277,False,0.6024485528965831,False
Aaron_Tippin,Jose_Luis_Rodriguez_Zapatero,0.4030997105209946,False,0.3810807328005609,True
Abdul_Majeed_Shobokshi,Charles_Cope,0.2661298332879759,True,0.22941635679347439,True
Abdullah_Gul,Steve_Cox,0.6598200142524046,False,0.5600367958832804,False
Abid_Hamid_Mahmud_Al-Tikriti,Eli_Broad,0.5684741170236046,False,0.5452222596775317,False
Adam_Kennedy,Amelie_Mauresmo,0.4806252866476397,False,0.4434435452252896,False
Adel_Al-Jubeir,Elisabeth_Welch,0.6850568942473482,False,0.7551274618521535,False
Adrian_Murrell,Tommy_Franks,0.321681459472855,True,0.34306462379541014,True
Adriana_Lima,Terrence_Trammell,0.5487196324251283,False,0.5555426776514737,False
Adriana_Perez_Navarro,Jennifer_Capriati,0.5804433871261445,False,0.5828509724662638,False
Agbani_Darego,Malik_Mahmud,0.629121535344029,False,0.5827878722316079,False
Ahmed_Ghazi,Henry_Suazo,0.5324769358219221,False,0.56665549990608,False
Aileen_Riggin_Soule,Damarius_Bilbo,0.4335736891488948,False,0.49861928952458423,False
Ain_Seppik,Donald_Regan,0.29854618116929554,True,0.36474740029505404,True
Aitor_Gonzalez,Lily_Tomlin,0.6121304906087509,False,0.6468556022233425,False
Al_Cardenas,Mary_Landrieu,0.6939586934540648,False,0.6617476543174282,False
Al_Davis,Dennis_Powell,0.251569103485202,True,0.34012151727085427,True
Al_Pacino,Izzat_Ibrahim,0.44572890256796394,False,0.4106236201336757,False
Aleksander_Voloshin,Ashlea_Talbot,0.7218996882421529,False,0.7174236447315574,False
Alex_Cabrera,Richard_Carl,0.34830490949125315,True,0.4025834545578193,False
Alex_Corretja,Newt_Gingrich,0.6037167736150055,False,0.5928229593565141,False
Alex_Corretja,Tippi_Hedren,0.5903073880255916,False,0.7745832992435482,False
Alexandra_Rozovskaya,Don_King,0.6625303659237042,False,0.6855639366086914,False
Ali_Fallahian,Mohammed_Abulhasan,0.32561894654903945,True,0.3638734007216996,True
Ali_Naimi,Vanessa_Laine,0.5872751692456422,False,0.6261658428230179,False
Alicia_Keys,Giannina_Facio,0.7075278688872539,False,0.7617650691902611,False
Alicia_Molik,Lena_Katina,0.5929431969323656,False,0.6611255134882266,False
Aline_Chretien,Carlos_Iturgaitz,0.609981306093313,False,0.5755289273120869,False
Alisha_Richman,Spencer_Abraham,0.5164212303894872,False,0.5954595414902275,False
Allison_Searing,Amy_Gale,0.6371425028277625,False,0.5960466877161685,False
Allison_Searing,Mark_Martin,0.3994696137140169,True,0.385820828823327,True
Allison_Searing,Phillip_Fulmer,0.4892825418979627,False,0.5525431212006136,False
Allison_Searing,Warren_Beatty,0.6341149871651102,False,0.6573606123508171,False
Amanda_Marsh,Howard_Smith,0.7050044207463508,False,0.685010782349156,False
Amanda_Marsh,Svetlana_Koroleva,0.5977666242949484,False,0.5670181447215255,False
Amelie_Mauresmo,Terri_Clark,0.6229359571909698,False,0.5251002172544241,False
Amporn_Falise,Christiane_Wulff,0.6931512060909268,False,0.5860264220730699,False
Amporn_Falise,Liza_Minnelli,0.5703874034209432,False,0.4694787704199276,False
Amporn_Falise,Zhang_Yimou,0.562560158172213,False,0.513033328774886,False
Amy_Gale,Frank_Murkowski,0.720735494100316,False,0.720553640449736,False
Ana_Palacio,Erika_Christensen,0.6576392896453795,False,0.5048059887946561,False
Ana_Palacio,Robert_Gordon_Card,0.5743007841770098,False,0.40615580058618805,False
Andrew_Caldecott,Joe_Strummer,0.3514221709057771,True,0.34093120088950546,True
Andrew_Shutley,Charles_Taylor,0.4874923634696009,False,0.40010738222068043,False
Andrew_Wetzler,Cristina_Torrens_Valero,0.6212312333746085,False,0.6322865564108456,False
Angela_Mascia-Frye,Derrick_Taylor,0.6948105053147875,False,0.6299601235301745,False
Ann_Godbehere,Paul_Newman,0.4307067586166127,False,0.40225111354932197,False
Ann_Godbehere,Tatiana_Kennedy_Schlossberg,0.5401590933604625,False,0.4826175680268874,False
Anna_Chicherova,Bob_Iger,0.6859206599712964,False,0.6621013876890222,False
Anna_Nicole_Smith,Tony_Shalhoub,0.6555619770995325,False,0.6284932166498755,False
Anne_Krueger,Lucrecia_Orozco,0.5493964982636705,False,0.47580266981128916,False
Anne_McLellan,Richard_Penniman,0.44196386510482233,False,0.46697738934971467,False
Anne_McLellan,Roman_Tam,0.5288999148362834,False,0.540895925519536,False
Annette_Lu,Scott_Fawell,0.5274357263772597,False,0.5545175154966736,False
Annette_Lu,Svetlana_Belousova,0.4282682244558481,False,0.49862249607510933,False
Annie_Chaplin,Gloria_Gaynor,0.4551486569929848,False,0.36468608028017857,True
Annie_Chaplin,Ion_Tiriac,0.6103924103481625,False,0.5514410647270239,False
Annie_Chaplin,Michael_Keaton,0.6639182631704814,False,0.6040344434970004,False
Antonio_Palocci,Donald_Regan,0.4401787320637407,False,0.4833593452598157,False
Aretha_Franklin,Marc_Racicot,0.5123802085054296,False,0.5926784062288932,False
Armando_Avila_Panchame,Hamza_Atiya_Muhsen,0.4094204489272113,False,0.39077339721314075,True
Armando_Avila_Panchame,Hana_Urushima,0.6932881744208457,False,0.7287428610045321,False
Arthur_Johnson,Steve_Pagliuca,0.5096120513012226,False,0.4951379481884173,False
Ascencion_Barajas,Marissa_Jaret_Winokur,0.6069982050555516,False,0.5776934938555274,False
Ashlea_Talbot,Sean_Patrick_Thomas,0.7709488119111376,False,0.6962503677628948,False
Ashley_Judd,Pat_Burns,0.6688273341889386,False,0.5405470398633136,False
Asif_Ali_Zardari,Cristina_Torrens_Valero,0.682610390982115,False,0.6720247718440437,False
Assad_Ahmadi,Jose_Cevallos,0.38684611343959174,True,0.4762618235964413,False
Astou_Ndiaye-Diatta,Scott_Yates,0.5945283659562448,False,0.5591133711921046,False
Augustin_Calleri,Brad_Miller,0.4019504678864666,False,0.3734439794771687,True
Augustin_Calleri,John_Jones,0.36705665556244593,True,0.4903555069576775,False
Babe_Ruth,Joshua_Perper,0.43783932083439236,False,0.40378342228889985,False
Barbara_Bach,Eli_Rosenbaum,0.7276854999035696,False,0.5232212242371526,False
Barbara_Becker,Gerhard_Boekel,0.6870142387699714,False,0.661302848005,False
Barbara_Roberts,Kirsten_Clark,0.4487748176536793,False,0.42371323607594114,False
Barry_Williams,Richard_Langille,0.4198449161164788,False,0.4395962936963056,False
Barzan_al-Tikriti,Jim_Haslett,0.5072372952159321,False,0.5294564742422381,False
Beecher_Ray_Kirby,Hashan_Tillakaratne,0.45146408861439546,False,0.4922774355457068,False
Begum_Khaleda_Zia,Jesse_Jackson,0.4510728925307609,False,0.4360156112699384,False
Ben_Cohen,Roger_Etchegaray,0.4963861484379656,False,0.555547933197504,False
Ben_Cohen,Zach_Parise,0.40584255463013263,False,0.41712872698503023,False
Benjamin_McKenzie,Lisa_Leslie,0.5851387967597492,False,0.5836373547101019,False
Betsy_Coffin,Gerard_Tronche,0.6437941540528538,False,0.5922543437938061,False
Bill_Carmody,Michael_Sheehan,0.4739066911760942,False,0.485543885611855,False
Bill_Carmody,Tippi_Hedren,0.5522190536268395,False,0.636512703352007,False
Bill_Curry,Candice_Bergen,0.6339937019632013,False,0.5532710144319333,False
Bill_Frist,Malcolm_Wild,0.6843503618749542,False,0.45868978397486126,False
Bill_Frist,Donald_Pettit,0.4363840310642141,False,0.39505656636074027,True
Bill_Kollar,Phillip_Seymor_Hoffmann,0.4576359302218249,False,0.40883104636798084,False
Bill_McBride,John_Rowland,0.4171657456856859,False,0.3257379494920677,True
Bill_Sizemore,Calista_Flockhart,0.6263963377180088,False,0.45230065880064496,False
Billy_Boyd,Liza_Minnelli,0.7111599711699632,False,0.5545114862538505,False
Billy_Boyd,Robin_Williams,0.452632859744835,False,0.5416690084079991,False
Bing_Crosby,Eric_Bana,0.6172392330284615,False,0.4877421792326585,False
Bing_Crosby,John_Moxley,0.49330302853851515,False,0.49649241852585513,False
Bing_Crosby,Leonid_Kuchma,0.39255038489123106,True,0.42794421026374874,False
Bob_Iger,Brian_Cowen,0.4858680340624345,False,0.5676073861555873,False
Bob_Iger,Steve_Lavin,0.4275849651484597,False,0.4204277795010619,False
Bob_Newhart,Marina_Canetti,0.5873163375093582,False,0.5799075601085728,False
Bob_Riley,Jim_Harrick,0.22877768353195826,True,0.28964819715531653,True
Bono,Chen_Shui-bian,0.4407952375330174,False,0.5971841050484227,False
Bono,Se_Hyuk_Joo,0.43305431538646977,False,0.5835913472782576,False
Brad_Miller,Chris_Noth,0.5357353454251348,False,0.5923801121087913,False
Brandon_Larson,James_Williams,0.5783724289332591,False,0.5660750062384854,False
Brandon_Lloyd,Zach_Parise,0.46553392512309877,False,0.5029922046607423,False
Brandon_Robinson,Mitchell_Garabedian,0.5314759282095673,False,0.5880607995985798,False
Brandon_Webb,Teddy_Kollek,0.6656780382107026,False,0.607536585396852,False
Brian_Cowen,Dave_Johnson,0.4653980658313155,False,0.4115970005801949,False
Brian_Griese,Jennie_Garth,0.887104479399142,False,0.802771332523081,False
Brock_Berlin,Wendy_Selig,0.8095121799974567,False,0.6945878230785947,False
Brooke_Adams,Gilberto_Rodriguez_Orejuela,0.6172496489363664,False,0.5923027709816331,False
Brooke_Adams,Hussam_Mohammed_Amin,0.7504800813389544,False,0.731356405253409,False
Bruce_Willis,Heather_Mills,0.4023982255899132,False,0.705519652744989,False
Buddy_Ryan,Laurel_Clark,0.5229572801678222,False,0.5626670620423675,False
Buddy_Ryan,Roy_Romanow,0.3251798212481428,True,0.2581772776761758,True
Calvin_Joseph_Coleman,Ekaterina_Dmitriev,0.5927053384725061,False,0.528604132626785,False
Calvin_Joseph_Coleman,Victor_Garber,0.646848417276999,False,0.6584710057320833,False
Camilla_Parker_Bowles,Mary_Matalin,0.5257096494640752,False,0.523294322764613,False
Camille_Lewis,Keith_Lockhart,0.6899996882513194,False,0.638757927010573,False
Camille_Lewis,Melissa_Etheridge,0.6608828962312079,False,0.6558284885254784,False
Candice_Bergen,Masum_Turker,0.6331371009499811,False,0.6546372429513235,False
Candice_Bergen,Jake_Gyllenhaal,0.7589271366070487,False,0.643679504623528,False
Candice_Bergen,Prospero_Pichay,0.6581474400722338,False,0.6213991433581938,False
Carey_Lowell,Helio_Castroneves,0.8072569393155284,False,0.6740411000894199,False
Carey_Lowell,Joshua_Harapko,0.9044078569519556,False,0.7424214587003282,False
Carlo_Ancelotti,Hugh_Miller,0.36237625314651467,True,0.4360527833724367,False
Carlos_Beltran,Shoshannah_Stern,0.6883153025445381,False,0.8418745308329705,False
Carlos_Ghosn,Renee_Zellweger,0.6178012353209442,False,0.5630954506393724,False
Carlos_Iturgaitz,Francisco_Maturana,0.5534502183356369,False,0.5334262007302082,False
Carlos_Manuel_Pruneda,Claudia_Coslovich,0.6432093969100996,False,0.6756873460224792,False
Carly_Gullickson,Mike_Helton,0.5449713680966006,False,0.5157124655946848,False
Caroline_Dhavernas,James_Smith,0.6815020103765381,False,0.6740288001977408,False
Carrie-Anne_Moss,Mike_Richter,0.6139749591749869,False,0.68036794018969,False
Carson_Daly,Matthew_During,0.44585085104267996,False,0.36278426505569217,True
Casey_Crowder,Joe_Nichols,0.5178243663835875,False,0.5928148866249916,False
Casey_Crowder,Laszlo_Kovacs,0.7024512495890576,False,0.6476249577684585,False
Cecilia_Chang,Jeffery_Hendren,0.667928860431729,False,0.5377374852418441,False
Cecilia_Cheung,Kirsten_Clark,0.6375241066420769,False,0.6740981482666437,False
Cecilia_Cheung,Simon_Chalk,0.6570678045253204,False,0.5208146844324395,False
Cedric_Benson,Greg_Hodge,0.5089057924888629,False,0.41152316646651776,False
Cesar_Maia,Karin_Viard,0.6014597044216314,False,0.683245495122397,False
Chang_Jae_On,Oracene_Williams,0.5630827171552395,False,0.58136289768318,False
Chante_Jawan_Mallard,Muhammad_Ali,0.7412750845839753,False,0.6748447410159677,False
Charla_Moye,Joe_Mantegna,0.5834786676759072,False,0.49648075089082644,False
Charla_Moye,Robert_Nillson,0.5926563913988329,False,0.5440807891190415,False
Charles_Cope,John_Franco,0.3152769958288584,True,0.3076901538676178,True
Charley_Armey,Jose_Cevallos,0.4406656326903473,False,0.472513632838796,False
Charlie_Sheen,Deece_Eckstein,0.3623822882608114,True,0.36916327125022363,True
Charlie_Sheen,Janice_Goldfinger,0.7044924522885905,False,0.5972627783671696,False
Charlie_Zaa,William_Harrison,0.5519985476483795,False,0.440754452948785,False
Charmaine_Crooks,Esad_Landzo,0.6439965169194535,False,0.5462669219454646,False
Charmaine_Crooks,Shigeru_Ishiba,0.5265265953842492,False,0.4570962066883344,False
Chawki_Armali,Hilmi_Akin_Zorlu,0.40762243888318783,False,0.42906702604469515,False
Chea_Sophara,Muhammad_Ali,0.3981845561443613,True,0.33565703416641923,True
Chen_Shui-bian,Simon_Cowell,0.5297492963137752,False,0.5525862115579993,False
Chen_Shui-bian,William_Nessen,0.46356105968411687,False,0.48010186773941455,False
Chen_Shui-bian,Elizabeth_Smart,0.6863936434930629,False,0.6861995324204853,False
Chita_Rivera,Jose_Luis_Chilavert,0.5667964448381295,False,0.557579895008563,False
Chris_Andrews,Claire_De_Gryse,0.6750931375010942,False,0.6414211349056416,False
Chris_Andrews,Elinor_Caplan,0.6041332843882854,False,0.4690033533210841,False
Chris_Byrd,David_Alpay,0.6080983803182455,False,0.6384882771249418,False
Chris_Byrd,Lawrence_Di_Rita,0.5744239605477925,False,0.5535224993179383,False
Chris_Noth,Frank_Sinatra,0.4725917854463396,False,0.5113337092965063,False
Christian_Longo,Dustan_Mohr,0.4009142366499816,False,0.4603928767817811,False
Christiane_Wulff,Paul_Schrader,0.5511262647510795,False,0.4096683814952242,False
Christine_Ebersole,Vincent_Cianci_Jr,0.602866619716248,False,0.5456204377872571,False
Christine_Todd_Whitman,Peter_Rasch,0.5342890526117428,False,0.5638996248419079,False
Christine_Todd_Whitman,Neil_Goldman,0.5516752605699088,False,0.5212055227526698,False
Christopher_Russell,Rosario_Dawson,0.8632815174777624,False,0.6078004363705706,False
Cindy_Taylor,Melissa_Joan_Hart,0.620509822242514,False,0.6635930149660192,False
Claire_Danes,Mitchell_Potter,0.8731355509996441,False,0.8512368119034277,False
Claire_De_Gryse,Jim_Parque,0.469993088027716,False,0.4734107503428907,False
Claire_De_Gryse,Soenarno,0.4456218299555058,False,0.37010671843291987,True
Claire_Leger,Elin_Nordegren,0.6247823468798295,False,0.6771234233682901,False
Coleen_Rowley,Courtney_Love,0.6031544227334301,False,0.545393394174047,False
Colin_Campbell,Matt_Walters,0.4776021224030905,False,0.47726428461061543,False
Colleen_OClair,Kim_Hong-gul,0.597158233445128,False,0.5326005336930006,False
Colleen_Ryan,Noah_Wyle,0.49415792186317353,False,0.4705194268221623,False
Conchita_Martinez,Moby,0.5021616228934691,False,0.4908110193308406,False
Cora_Cambell,Todd_Petit,0.497394901707924,False,0.49927802568305324,False
Courtney_Love,Tsutomu_Takebe,0.7512983570316427,False,0.7741770303266292,False
Cristina_Torrens_Valero,Damarius_Bilbo,0.5129146174924011,False,0.6418020287296826,False
Cristina_Torrens_Valero,Etta_James,0.5369857147554264,False,0.4975098130202249,False
Damarius_Bilbo,Janis_Ruth_Coulter,0.6575852688615949,False,0.6642726734032327,False
Damarius_Bilbo,Sheila_Taormina,0.5530964343087826,False,0.4682050760614669,False
Dan_Ackroyd,Nikki_Teasley,0.5150686634439281,False,0.5915039309199501,False
Dan_Bylsma,Jim_Parque,0.4583824953508715,False,0.4141209635799781,False
Dan_Bylsma,Scott_Yates,0.376245710194249,True,0.4299709684418449,False
Daniel_Comisso_Urdaneta,Jean-Marc_de_La_Sabliere,0.4239653130874781,False,0.4355557943273103,False
Daniel_Montgomery,Hassan_Wirajuda,0.5133315364397226,False,0.5151208606733056,False
Daniel_Zelman,David_Surrett,0.6448735851700886,False,0.6097444231631642,False
Daniele_Nardello,Peter_Hartz,0.5462037202252481,False,0.5090714088064011,False
Dariusz_Michalczewski,Julien_Boutter,0.641833092758282,False,0.534912843878546,False
Darvis_Patton,Estelle_Morris,0.5207398363675952,False,0.3574273861288141,True
Darvis_Patton,Gordon_Lightfoot,0.6674470358293345,False,0.6386979665160579,False
Darvis_Patton,Tammy_Lynn_Michaels,0.5121435894204662,False,0.5271626106445847,False
Dave_Johnson,Hank_Aaron,0.5422548458548735,False,0.552258320686186,False
David_Braley,Gerard_Tronche,0.6445005414506924,False,0.5147425801680794,False
David_Kelley,Gerald_Calabrese,0.5360936400155893,False,0.5142012950597916,False
David_Shayler,Peter_Mullan,0.5246837868977725,False,0.5649206172363315,False
David_Surrett,Oracene_Williams,0.6628074073431788,False,0.6860863231826486,False
Dean_Sheremet,Marc_Racicot,0.6568666749153675,False,0.6401625518127273,False
Denise_van_Outen,Kevin_Satterfield,0.7228328006955509,False,0.631704409264363,False
Dennis_Kozlowski,James_Ivory,0.28641976380171164,True,0.3400216470282873,True
Dennis_Kozlowski,Regina_Ip,0.6225337198495542,False,0.49524902315390584,False
Dennis_Kozlowski,Wendy_Selig,0.4798907079223077,False,0.5436137281607158,False
Denzel_Washington,Sung_Hong_Choi,0.5220276908749018,False,0.46421419493337945,False
Derrick_Battie,Lisa_Leslie,0.4377974172592516,False,0.4696503033209468,False
Diane_Green,Ruth_Christofferson,0.3032658762500583,True,0.38139974909668073,True
Diane_Green,Tim_Salmon,0.500570830784232,False,0.49847751724695755,False
Dick_Armey,Tom_Glavine,0.3623530810624884,True,0.3363587977367436,True
Dirk_Kempthorne,George_Tenet,0.6312569355422046,False,0.3700710228218197,True
Dominique_de_Villepin,Hanns_Schumacher,0.3972713080514547,True,0.33824794314461737,True
Don_Carcieri,Jane_Rooney,0.4194197177248341,False,0.46898708294926716,False
Don_King,Philip_Zalewski,0.6091408210146565,False,0.378317837519095,True
Don_King,Tab_Baldwin,0.41892788572790596,False,0.3638140108906194,True
Don_Lake,Elena_Dementieva,0.4436912325774217,False,0.4780014294334818,False
Donald_Keck,Julia_Ormond,0.5811824767382084,False,0.7070701594935982,False
Donald_Pettit,Michel_Kratochvil,0.4837243647270708,False,0.4991591168373968,False
Donald_Rumsfeld,Tamika_Catchings,0.6927135678422975,False,0.7082851874782207,False
Donna_Walker,Phil_Bredesen,0.4654804748945731,False,0.43104000244200924,False
Eddie_Sutton,George_Maxwell_Richards,0.42413202080469037,False,0.4035460425965579,False
Edith_Masai,Idi_Amin,0.3249420401440565,True,0.4071921809642861,False
Edward_Belvin,William_Harrison,0.44094251286815067,False,0.39804986421563315,True
Edward_Egan,Jim_Abbott,0.3222768778631241,True,0.43279666721018584,False
Edward_James_Olmos,Jesse_Harris,0.4855462710551659,False,0.3816836155120149,True
Edward_Seaga,Fatmir_Limaj,0.21813961177232843,True,0.23935047097098872,True
Elaine_Chao,Wilbert_Elki_Meza_Majino,0.5891526584469188,False,0.5796427665506706,False
Elena_Dementieva,Wilton_Gregory,0.37660914789345934,True,0.39103445695125993,True
Elin_Nordegren,Fredric_Seaman,0.769892175963296,False,0.7462340299217809,False
Elin_Nordegren,Ghassan_Elashi,0.7339066481532888,False,0.7634965361712409,False
Elinor_Caplan,Henning_Scherf,0.6346885140544576,False,0.5702550362510125,False
Eliott_Spitzer,Jerry_Bruckheimer,0.3426650169140343,True,0.35842442021144605,True
Elisabeth_Welch,Francisco_Maturana,0.5005384257617629,False,0.5284459071637971,False
Elizabeth_Regan,Pierre_Boulanger,0.8783228642923422,False,0.6880817147543064,False
Elliott_Mincberg,Gene_Orza,0.45939692620212047,False,0.4440843765256409,False
Enrica_Fico,Erwin_Abdullah,0.6478049576555462,False,0.5505409108200023,False
Eric_Dubin,Yang_Pao-yu,0.7029550766418793,False,0.5931999090170081,False
Eric_Lindros,Melvin_Talbert,0.5542888176066325,False,0.4990271188503138,False
Eric_Lindros,Sterling_Hitchcock,0.394949580893758,True,0.44321317399813287,False
Eric_Snow,Robert_McKee,0.6474339489776657,False,0.7055086625345712,False
Fabiola_Zuluaga,Rose_Linkins,0.5406041751450668,False,0.5493457025250565,False
Farouk_Kaddoumi,Gina_Gershon,0.7800925208477233,False,0.8977469661129844,False
Farouk_Kaddoumi,Will_Smith,0.686171215711793,False,0.4188812133419555,False
Felipe_Perez_Roque,Lloyd_Ward,0.544238975600843,False,0.577815226410652,False
Festus_Mogae,Neil_Moritz,0.5175082012029515,False,0.4245783038847304,False
Filip_De_Winter,Stuart_Townsend,0.4371506933699182,False,0.45362492789624387,False
Filip_De_Winter,Sue_Grafton,0.7423139848579192,False,0.8233001594820499,False
Flavia_Pennetta,Mikulas_Dzurinda,0.49776503450800336,False,0.3574614435271869,True
Flor_Montulo,Steve_Blankenship,0.5553099963085162,False,0.5406228769624631,False
Floyd_Mayweather,Lou_Lang,0.5958406582611853,False,0.6107908510713156,False
Fran_Drescher,William_Martin,0.7515106534678524,False,0.7613407864885785,False
Francis_Ricciardone,Gene_Sauers,0.4344614523634074,False,0.40475620167448934,False
Franco_Frattini,Gholamreza_Aghazadeh,0.3437418514991787,True,0.3939713259066394,True
Frank_Sinatra,Vicente_Fox,0.29020172644160347,True,0.3757176295247613,True
Frank_Van_Ecke,Gary_Gero,0.7097065622315646,False,0.3748765149962585,True
Fred_Durst,Patricia_Phillips,0.68275525740947,False,0.6869742271912189,False
Fred_Durst,Rose_Linkins,0.5308101880976899,False,0.5672057213627895,False
Fred_Durst,Tara_Reid,0.5491250237818197,False,0.5975832356443772,False
Frederick_Madden,Luis_Ernesto_Derbez_Bautista,0.38735464467978453,True,0.3279705892281044,True
Gary_Leon_Ridgway,Lisa_Raymond,0.5996256410900733,False,0.4933932260712005,False
Gary_Leon_Ridgway,Phillip_Seymor_Hoffmann,0.35207927705401565,True,0.29772688209252796,True
Gary_Sayler,Nila_Ferran,0.3385970377903731,True,0.4083306236637211,False
George_Foreman,George_Lucas,0.6856288749910655,False,0.6650748306660137,False
Georgia_Giddings,Johnny_Carson,0.5582142297616729,False,0.49439367257827294,False
Gerard_Tronche,Jana_Pittman,0.6877248489117642,False,0.5221152282776358,False
Gerhard_Schroeder,Izzat_Ibrahim,0.4262653559279944,False,0.4036881442104704,False
Ghassan_Elashi,Jesse_Ventura,0.2935970654068517,True,0.3794974141857512,True
Ghassan_Elashi,Peter_Rasch,0.3228107015602778,True,0.35428891935844853,True
Gideon_Yago,Robert_Gordon_Card,0.6298424206269377,False,0.582280381956899,False
Gina_Gershon,Stacey_Dales-Schuman,0.637296831855326,False,0.7378193375896331,False
Glenn_Tilton,Victor_Hanescu,0.4737088251898799,False,0.4584712702667617,False
Gordon_Brown,Monica_Gabrielle,0.5488510016474246,False,0.5562551854363511,False
Gordon_Campbell,Pierre_Boulanger,0.5889320216827448,False,0.4544110042377001,False
Gordon_Lightfoot,Janez_Drnovsek,0.34088259889254025,True,0.4501154472890232,False
Grace_Kelly,Leslie_Moonves,0.8079116797244372,False,0.7215932100007847,False
Greg_Kinnear,Tim_Salmon,0.6520374788476726,False,0.6894101241372279,False
Gregory_Geoffroy,Paul_Burrell,0.39252572218067583,True,0.45823662211565075,False
Gregory_Hines,Mary_Frances_Seiter,0.6756710145612275,False,0.6583639603567051,False
Gregory_Peck,John_Lawrence,0.48391511365039463,False,0.5833996484141158,False
Gregory_Peck,John_Lynch,0.3701525773371499,True,0.4642549173202756,False
Guillaume_Cannet,Mark_Mulder,0.3842099219592451,True,0.3618517203639554,True
Guillaume_Cannet,Mohammad_Khatami,0.529623903666586,False,0.4986662851474807,False
Gunilla_Backman,Jennifer_Granholm,0.4530657172406449,False,0.4904105069987339,False
Gunilla_Backman,Ray_Sherman,0.7283849995366123,False,0.6741407524335561,False
Gustavo_Franco,Melissa_Joan_Hart,0.6537515779020349,False,0.6458113807765681,False
Gwendal_Peizerat,Joe_Nichols,0.36352025533617915,True,0.4260504214404329,False
Gwyneth_Paltrow,Mike_Richter,0.4522842318966358,False,0.4886069697740695,False
Halbert_Fillinger,Rachel_Hunter,0.6135479142409213,False,0.714612712782271,False
Hank_Aaron,Ron_Howard,0.478210009584346,False,0.3655852036196219,True
Harland_Braun,Lisa_Leslie,0.682550074278915,False,0.7151000451567832,False
Harvey_Fierstein,Mike_Slive,0.4354647794510176,False,0.44212164808004284,False
Helene_Eksterowicz,Mario_Lemieux,0.6526242395084294,False,0.6774036807745131,False
Helio_Castroneves,Joxel_Garcia,0.5047396391430321,False,0.429458203954759,False
Hermann_Maier,Robin_Williams,0.42036771964765096,False,0.3734493876214625,True
Howard_Smith,Tim_Pawlenty,0.447069738411616,False,0.4702781602346009,False
Hubie_Brown,Yoon_Jeong_Cho,0.599551797379593,False,0.4883956817198405,False
Hunter_Bates,James_Williams,0.5080446627675446,False,0.48909050056090453,False
Hussam_Mohammed_Amin,Mike_Smith,0.42658769650046924,False,0.4138571514492154,False
Hussam_Mohammed_Amin,Princess_Hisako,0.6003012561258381,False,0.6956807069161056,False
Hutomo_Mandala_Putra,Thomas_Mesereau_Jr,0.7744299507943696,False,0.7998292762055541,False
Iban_Mayo,Yves_Brodeur,0.6086089352994815,False,0.5781662618964691,False
Imad_Moustapha,Will_Ofenheusle,0.5678796669024073,False,0.4942602789867361,False
Ion_Tiriac,Lawrence_Roberts,0.3874735748193534,True,0.39351088976642434,True
Irina_Yatchenko,Pedro_Solbes,0.4535283790101726,False,0.45727637215370065,False
Isabelle_Huppert,Pedro_Solbes,0.6211917193460887,False,0.584527825096074,False
Isaiah_Washington,Lee_Baca,0.6487934144747055,False,0.496065669003075,False
Islam_Karimov,Shireen_Amir_Begum,0.5542343552834514,False,0.4897670107275267,False
Ismail_Cem,Seth_Gorney,0.6067525262716402,False,0.5789839193432236,False
Ismail_Merchant,Joseph_Deiss,0.47609437445919356,False,0.48267371701864437,False
Ivan_Lee,Paul-Henri_Mathieu,0.6499311885619209,False,0.5723776884765058,False
Izzat_Ibrahim,Tina_Sinatra,0.643742833137569,False,0.7786179938698907,False
Jack_Welch,Rick_Dinse,0.2821331730622709,True,0.2429666374925833,True
Jack_Welch,William_Umbach,0.33776880552553057,True,0.26507087694280873,True
Jalal_Talabani,Jean-Marc_Olive,0.3427996411801846,True,0.3956228833403975,True
James_Franco,Lokendra_Bahadur_Chand,0.6896235262655858,False,0.6974452753787572,False
James_Ivory,Paul_Martin,0.4509778138681293,False,0.37944851673871416,True
James_Lockhart,Lisa_Girman,0.6914046247097166,False,0.6928836295145767,False
Jan_Paul_Miller,Lynne_Slepian,0.6139575173423126,False,0.6181668550321107,False
Jan_Ullrich,William_Rehnquist,0.7129819772985417,False,0.6315854808682532,False
Janet_Chandler,Zoe_Ball,0.6277879565975361,False,0.6621094492061859,False
Janis_Ruth_Coulter,Laurent_Woulzy,0.7628924759287575,False,0.7051386102114918,False
Jason_Clermont,Vladimir_Ustinov,0.4252074382236213,False,0.44634507404464874,False
Jason_Kapono,Patricia_Medina,0.6578145959821666,False,0.5954513611009469,False
Jason_Mewes,Will_Smith,0.6648462475637145,False,0.5925777850643512,False
Jason_White,Wolfgang_Clement,0.3697036881121726,True,0.33285916087028367,True
Jean-Pierre_Raffarin,Robert_Horan,0.3564134595395636,True,0.29078578162292334,True
Jean-Pierre_Raffarin,Paul_Kariya,0.47390772932979086,False,0.4039892827843239,False
Jeane_Kirkpatrick,Richard_Carl,0.5455220344320179,False,0.5111824636996769,False
Jeane_Kirkpatrick,Tamika_Catchings,0.7236464511584105,False,0.730806208098672,False
Jeanne_Anne_Schroeder,Yoriko_Kawaguchi,0.5955428091197101,False,0.6752792295946741,False
Jeannette_Biedermann,Roy_Moore,0.6481174540852364,False,0.662039528413018,False
Jeffrey_Pfeffer,Terry_Lynn_Barton,0.511018647390987,False,0.5651622750322848,False
Jen_Bice,Lily_Tomlin,0.7669189232971128,False,0.7141362862521736,False
Jen_Bice,Martha_Burk,0.6143207179909366,False,0.5598578161069265,False
Jenna_Elfman,Mack_Brown,0.641751987838579,False,0.6169503857563263,False
Jenna_Elfman,Steffi_Graf,0.49650085310049186,False,0.46168121980824905,False
Jenna_Elfman,Willie_Wilson,0.6248601364156667,False,0.5633566754142108,False
Jennifer_Keller,Paula_Abdul,0.5945539202416047,False,0.5817299877247624,False
Jennifer_Thompson,Serge_Melac,0.3626311880290207,True,0.39815887305006425,True
Jeremy_Greenstock,Jim_Flaherty,0.2593779940884414,True,0.3201508165116388,True
Jerry_Bruckheimer,John_Blaney,0.32202260940860383,True,0.3212179769123332,True
Jerry_Jones,Robert_Woody_Johnson,0.37767131202026194,True,0.3169537293476904,True
Jesse_Ventura,Reggie_Lewis,0.4786724350617023,False,0.44008524008340255,False
Jesse_Ventura,Roy_Romanow,0.3729739181438936,True,0.3364564480748622,True
Jessica_Biel,Jim_Freudenberg,0.739078594709595,False,0.6736201345819935,False
Jim_Calhoun,Perry_Farrell,0.4919475965671848,False,0.6027106748984098,False
Jim_Cantalupo,Joe_Pantoliano,0.4045016129043416,False,0.4019592832261032,False
Jim_Hahn,Vaclav_Havel,0.34103134122258216,True,0.41687202997681805,False
Jim_Hahn,Vicente_Fernandez,0.4517126087223262,False,0.4472930981474078,False
Jim_Letten,Victor_Hanescu,0.43267882836512417,False,0.38760856228424556,True
Joaquin_Phoenix,Kajsa_Bergqvist,0.5609564625261994,False,0.4473562315196754,False
Joe_Pantoliano,Robin_Tunney,0.7843035860354747,False,0.874694538550882,False
John_Belushi,Mahima_Chaudhari,0.7605400299328687,False,0.7544219783286303,False
John_Blaney,Sam_Brownback,0.28186327279112056,True,0.2649688383391998,True
John_Franco,Teri_Files,0.3802329457283731,True,0.5117729446635335,False
John_Garamendi,Peter_Goldmark,0.25344206182450557,True,0.282519260614966,True
John_Kerr,Susan_Whelan,0.4550994930687262,False,0.558630718687415,False
John_Lynch,Stefano_Gabbana,0.42136462139377084,False,0.4457001940891615,False
John_Mayer,Miguel_Jimenez,0.6241284521593651,False,0.5988124654209354,False
John_McCallum,Mark_Andrew,0.3917812833934037,True,0.44851514437851736,False
John_Rowland,Robert_Lee_Yates_Jr,0.7483805078429944,False,0.6540392392848899,False
John_Walsh,Paul_Hogan,0.30335742700887747,True,0.37638378074566026,True
Johnny_Depp,Scott_Dickson,0.5053038145396382,False,0.4094477300404027,False
Jorge_Arce,Samuel_Waksal,0.39134602501153026,True,0.3925265375015087,True
Jorge_Quiroga,Ramona_Rispton,0.5878365052362309,False,0.6576486888900437,False
Jorge_Quiroga,Surakait_Sathirathai,0.5196101229330725,False,0.36438589322652093,True
Jose_Bove,Michalis_Chrisohoides,0.5353425236535354,False,0.43507307337746726,False
Jose_Bove,Princess_Diana,0.5558137285738822,False,0.478954449996266,False
Jose_Luis_Chilavert,Sofyan_Dawood,0.4888526155451206,False,0.5703338788535168,False
Juan_Carlos,Patricia_Phillips,0.756922000497076,False,0.7739958190498494,False
Judy_Dean,Kristanna_Loken,0.6619551170091214,False,0.5628363725995211,False
Julia_Ormond,Randy_Dryer,0.5341911326845313,False,0.6084856713587374,False
Julio_Cesar_Chavez,Marc_Racicot,0.5148621105060798,False,0.5042438454462439,False
Kaoru_Hasuike,Tom_Foy,0.4632016830332275,False,0.4944740749171047,False
Karen_Allen,LeRoy_Millette_Jr,0.7443501583257166,False,0.6983897368616366,False
Karen_Allen,Rick_Bragg,0.765256343522712,False,0.7206750658338674,False
Karl-Heinz_Rummenigge,Wayne_Newton,0.39774776775910803,True,0.36965856959033794,True
Katie_Boone,Terri_Clark,0.5623459295352901,False,0.49471626142248515,False
Keith_Osik,Robert_Nardelli,0.6274310383954329,False,0.6566577864787781,False
Kent_Robinson,Marquier_Montano_Contreras,0.5247593272621193,False,0.5965674172165709,False
Kevin_Gil,Mary_Bono,0.7001613935645725,False,0.7841617188531104,False
Kevin_Hearn,Todd_Haynes,0.5516546826634185,False,0.4711143554215733,False
Khader_Rashid_Rahim,Martha_Burk,0.4922846418989908,False,0.45235420590345987,False
Khader_Rashid_Rahim,Michael_Arif,0.41774233179594333,False,0.420340982288825,False
Kim_Yong-il,Terri_Clark,0.7214320517066996,False,0.509022265631562,False
Koichi_Tanaka,Sterling_Hitchcock,0.5084854012074416,False,0.47421152114971066,False
Kosuke_Kitajima,Qazi_Hussain_Ahmed,0.5373213488088522,False,0.5102636864570602,False
Kristin_Davis,Steven_Van_Zandt,0.6279740440415681,False,0.5519332132798177,False
Kurt_Hellstrom,Manuel_Pellegrini,0.3902583244750881,True,0.39263704972221125,True
Laszlo_Kovacs,Michael_Arif,0.31489989406657193,True,0.34079738445576346,True
Laura_Elena_Harring,Rowan_Williams,0.7211587806165793,False,0.6666250748756657,False
Laurel_Clark,Rahul_Dravid,0.7112530179423473,False,0.6921264604522988,False
Lawrence_Di_Rita,Tim_Allen,0.5009634745841509,False,0.7282964796265021,False
Lawrence_Roberts,Malik_Mahmud,0.4772301770751489,False,0.5052321906897479,False
Lea_Fastow,Todd_Parrott,0.6222041920446981,False,0.577221837952453,False
Lee_Baca,Pat_Summerall,0.5537544980650204,False,0.5818953006588552,False
Leisel_Jones,Steven_Hatfill,0.4820691534625874,False,0.49764504332116843,False
Lena_Katina,Queen_Noor,0.3696584894512197,True,0.3440048607500865,True
Leonard_Glick,Terrence_Trammell,0.5172993141511861,False,0.5199762779511141,False
Leonard_Schrank,Ozzy_Osbourne,0.6266975962673045,False,0.5492170101054721,False
Leslie_Wiser_Jr,Mireya_Moscoso,0.4070652198431187,False,0.31871839742201513,True
Lisa_Murkowski,Svetlana_Belousova,0.5114277883446885,False,0.471323354832222,False
Lisa_Raymond,Robert_Redford,0.5362903121435023,False,0.4583347834694591,False
Ludwig_Ovalle,Mauricio_Macri,0.5558135606714407,False,0.4654474128403494,False
Luis_Pujols,Rohman_al-Ghozi,0.6254445100344201,False,0.42901923687661503,False
Makhdoom_Amin_Fahim,Tang_Jiaxuan,0.3311152057623761,True,0.2542953253286747,True
Malcolm_Wild,Owen_Wilson,0.5933195216751939,False,0.3608493386744729,True
Mamdouh_Habib,Polona_Bas,0.6816632175786925,False,0.6455536634078674,False
Manijeh_Hekmat,Richard_Carl,0.5368913357729965,False,0.6007857016737648,False
Manijeh_Hekmat,Se_Hyuk_Joo,0.7859163338950641,False,0.6652318372835957,False
Marc_Anthony,Vince_Vaughan,0.5275160890558406,False,0.5035915705618843,False
Margie_Puente,Rafiq_Hariri,0.5376570173091619,False,0.462994128364959,False
Maria_Callas,Melchor_Cob_Castro,0.7366657716950498,False,0.6556452854809096,False
Mario_Lemieux,Pedro_Solbes,0.5605753255752233,False,0.5195838150834478,False
Marissa_Jaret_Winokur,Vincent_Sombrotto,0.6919098268809567,False,0.6845877484408158,False
Mark_Dacey,Russ_Ortiz,0.4596009297720436,False,0.5678565253717446,False
Mark_Martin,Vladimir_Spidla,0.510473182579886,False,0.44393904422140884,False
Mark_Mishkin,Nick_Reilly,0.4993784338807046,False,0.5571797851978617,False
Mark_Mishkin,Shawn_Marion,0.5319670307360411,False,0.5336629456310454,False
Marricia_Tate,Rita_Moreno,0.5963846449455044,False,0.5974361568553186,False
Mary_Landrieu,Robert_Gordon_Card,0.6469483407689359,False,0.4943721012006038,False
Maryn_McKenna,Shawn_Marion,0.5914814383238622,False,0.5385301207881725,False
Maryn_McKenna,Tim_Pawlenty,0.48249096101248246,False,0.5067534978322155,False
Masum_Turker,Norman_Mineta,0.34000765124871135,True,0.2796928294997044,True
Matt_Dillon,Regina_Ip,0.8117515930875624,False,0.7126979775323732,False
Matthias_Sammer,Robbie_Naish,0.38857133995678605,True,0.4053701074835616,False
Melissa_Etheridge,Teri_Files,0.5166311050107821,False,0.45121655503420255,False
Michael_J_Sheehan,Michael_Smith_Foster,0.413830852390609,False,0.4132779853070039,False
Michael_Linscott,Robin_Tunney,0.5917911953648807,False,0.6266515394570886,False
Michael_Phelps,Pat_Burns,0.6436665254788954,False,0.5552392478002768,False
Michael_Sheehan,Vincent_Cianci_Jr,0.4511590508579074,False,0.44704154594936263,False
Michael_Smith_Foster,Rupert_Murdoch,0.48703291590169207,False,0.46040974212077224,False
Michelle_Yeoh,Shoshannah_Stern,0.5645499334431758,False,0.6494377246123525,False
Miguel_Aldana_Ibarra,Mikhail_Gorbachev,0.30336831168079037,True,0.25263266996845635,True
Miguel_Jimenez,Paris_Hilton,0.8309319316079369,False,0.807755755000844,False
Mike_Helton,Reggie_Lewis,0.6921223695376888,False,0.6446487007923654,False
Mike_Leach,Thomas_Haeggstroem,0.4000993927591626,False,0.47045017054116167,False
Mike_Maroth,Stefan_Holm,0.45379677953484343,False,0.4042022633308796,False
Mike_Slive,Paul_Sarbanes,0.2328711175355258,True,0.31136172006443186,True
Mikhail_Youzhny,Vince_Dooley,0.5863232841555779,False,0.6013173160331227,False
Mikulas_Dzurinda,Shirley_Jones,0.509184479816094,False,0.4840304648275685,False
Miles_Stewart,Yasushi_Akashi,0.5163463072345726,False,0.4802803744753201,False
Mirela_Manjani,Robert_Woody_Johnson,0.747152307676284,False,0.5749198340898005,False
Mitchell_McLaughlin,Timothy_Goebel,0.5457663754486028,False,0.45637426755695965,False
Mohammed_Baqir_al-Hakim,Neil_Goldman,0.5556708190074766,False,0.4438167569864083,False
Mona_Ayoub,Todd_Parrott,0.6935326091789086,False,0.7927852229765361,False
Mufti_Mohammad_Syed,Ralf_Schumacher,0.5583807077468188,False,0.4502405404935944,False
Nathalie_Gagnon,Rupert_Grint,0.46825932716591034,False,0.4168676415152227,False
Neil_Goldman,Niall_Connolly,0.4911778404952699,False,0.5657864679504526,False
Nick_Reilly,Tassos_Papadopoulos,0.44874155533973614,False,0.3192021576041091,True
Nicolas_Sarkozy,Shanna_Zolman,0.6020757168064936,False,0.6708717460310564,False
Norm_Coleman,Osmond_Smith,0.40185372357202565,False,0.4908432136968056,False
Norman_Mailer,Steven_Curtis_Chapman,0.6294537463890002,False,0.4596533595153821,False
Oliver_Neuville,Shawn_Marion,0.543502311888814,False,0.5812725724377192,False
Park_Jie-won,Steve_Patterson,0.42775742987901766,False,0.3780326829053383,True
Patty_Sheehan,William_Nessen,0.5073998510503042,False,0.5202452586701787,False
Paul_Hogan,Thomas_Watjen,0.37346940975851584,True,0.2630555084009326,True
Paul_Hogan,William_Martin,0.31817528195628375,True,0.32341041113520164,True
Paul_Kariya,Shannon_OBrien,0.5632150597330721,False,0.5684454003114474,False
Paul_Martin,Stephanie_Cohen_Aloro,0.3302518751334803,True,0.3680576362105443,True
Paul_Michael_Daniels,Simon_Chalk,0.3477412789953499,True,0.4394233143873182,False
Paul_Schrader,Teri_Files,0.5146131642236043,False,0.5945166728340949,False
Paula_Prentiss,Thomas_Mesereau_Jr,0.49472638704884075,False,0.4978884369796007,False
Pedro_Martinez,Stephen_Glassroth,0.5105067593447032,False,0.49526173633783577,False
Peter_Fitzgerald,Zelma_Novelo,0.6632334905570643,False,0.5927931031740402,False
Phil_Jackson,Richard_Penniman,0.5073338191356348,False,0.5645171978838044,False
Phillipe_Comtois,Richard_Carl,0.7375091572664583,False,0.4537752449936846,False
Pierre_Boulanger,Shania_Twain,0.6674774929173503,False,0.6403458577803527,False
Princess_Diana,Steffi_Graf,0.5398170631709891,False,0.5080606943256457,False
Priscilla_Presley,Sergey_Lavrov,0.6701951486926433,False,0.5829091977824483,False
Priscilla_Presley,Victoria_Beckham,0.45669268176558897,False,0.6505185734739767,False
Richard_Butler,Victoria_Beckham,0.7503230460108767,False,0.8646153228523322,False
Richard_Pennington,Stacy_Nelson,0.7674865653783729,False,0.7608857828464146,False
Rick_Caruso,Steve_Wariner,0.391859910881559,True,0.42269520667854277,False
Rick_Perry,Svetlana_Koroleva,0.7051598425828822,False,0.6745666906019006,False
Ricky_Cottrill,Sananda_Maitreya,0.46656071483543815,False,0.653337651440308,False
Robert_Flodquist,Winona_Ryder,0.5695062564962202,False,0.5982477974988409,False
Rod_Stewart,Tom_Scully,0.49330185996095455,False,0.5009391765267766,False
Rod_Stewart,Se_Hyuk_Joo,0.5857450517167259,False,0.5954399823176102,False
Rod_Thorn,Yves_Brodeur,0.42858506621349723,False,0.463631450958088,False
Ron_Howard,Tim_Pawlenty,0.45004155994079853,False,0.4808694936617095,False
Ronaldo_Luis_Nazario_de_Lima,Samuel_Waksal,0.4768911617573326,False,0.5570345040607307,False
Sami_Al-Arian,Tommy_Lasorda,0.5250271911479356,False,0.46540832940423693,False
Sarah_Canale,Steven_Curtis_Chapman,0.7840587850589784,False,0.6596335420159092,False
Sasha_Cohen,Valery_Giscard_dEstaing,0.7283149051514999,False,0.6665825597337398,False
Scott_Dalton,Tamara_Mowry,0.6373716259885585,False,0.8135558881494552,False
Sergio_Castellitto,Steve_Lavin,0.4206811372749273,False,0.44214317496042854,False
Seth_Gorney,Wilton_Gregory,0.7211489846996296,False,0.6691004783815387,False
Shane_Mosley,Stacey_Dales-Schuman,0.727754934449758,False,0.5298615326998743,False
Sheila_Taormina,Stephan_Eberharter,0.5531510883152573,False,0.4723604393200489,False
Stefano_Gabbana,Tang_Jiaxuan,0.5153388422081046,False,0.4827672829191535,False
Steve_Wariner,Toshi_Izawa,0.451937688299785,False,0.4365692885530712,False
Steve_Zahn,Tab_Baldwin,0.6127561798874989,False,0.5116066972570203,False
Susan_Whelan,Wolfgang_Schneiderhan,0.4227890137931639,False,0.39202899059850627,True
Takeo_Fukui,Will_Ofenheusle,0.5221063718879535,False,0.48577369056505915,False
Tamara_Mowry,Zach_Parise,0.7434055599671487,False,0.6685078774301438,False
Tatiana_Kennedy_Schlossberg,Thomas_Watjen,0.6968870084634647,False,0.6209704511165531,False
Todd_Petit,Vicente_Fernandez,0.5711370997280387,False,0.5935017551482136,False
accuracy,precision,recall,f1,tn,fp,fn,tp
86.6,85.7421875,87.8,86.7588932806324,427,73,61,439
h_accuracy,h_precision,h_recall,h_f1,h_tn,h_fp,h_fn,h_tp
79.5,82.70509977827051,74.6,78.44374342797056,422,78,127,373
